GROUP,PACKAGE,CLASS,INSTRUCTION_MISSED,INSTRUCTION_COVERED,BRANCH_MISSED,BRANCH_COVERED,LINE_MISSED,LINE_COVERED,COMPLEXITY_MISSED,COMPLEXITY_COVERED,METHOD_MISSED,METHOD_COVERED
unicornt-store-backend,com.unicornt.store.application.usecase.ordering,GetOrderUseCase,0,23,0,0,0,5,0,3,0,3
unicornt-store-backend,com.unicornt.store.application.usecase.ordering,ListOrdersUseCase,0,11,0,0,0,4,0,2,0,2
unicornt-store-backend,com.unicornt.store.application.usecase.ordering,PlaceOrderUseCase,0,99,0,6,0,18,0,5,0,2
unicornt-store-backend,com.unicornt.store.application.usecase.ordering,OrderConfirmation,0,12,0,0,0,1,0,1,0,1
unicornt-store-backend,com.unicornt.store.infrastructure.web.error,RestAccessDeniedHandler,0,29,0,0,0,9,0,2,0,2
unicornt-store-backend,com.unicornt.store.infrastructure.web.error,RestAuthEntryPoint,0,29,0,0,0,9,0,2,0,2
unicornt-store-backend,com.unicornt.store.infrastructure.web.error,GlobalExceptionHandler,1,176,1,3,0,30,1,18,0,17
unicornt-store-backend,com.unicornt.store.infrastructure.web.mapper,AuthRestMapper,0,19,0,0,0,2,0,1,0,1
unicornt-store-backend,com.unicornt.store.infrastructure.web.mapper,CategoryRestMapper,0,11,0,0,0,1,0,1,0,1
unicornt-store-backend,com.unicornt.store.infrastructure.web.mapper,CartRestMapper,0,52,0,0,0,14,0,4,0,4
unicornt-store-backend,com.unicornt.store.infrastructure.web.mapper,ProductRestMapper,33,76,6,2,4,22,5,3,1,3
unicornt-store-backend,com.unicornt.store.infrastructure.web.mapper,OrderRestMapper,0,78,0,2,0,17,0,5,0,4
unicornt-store-backend,com.unicornt.store.infrastructure.persistence,EntityIds,0,14,0,4,0,1,0,3,0,1
unicornt-store-backend,com.unicornt.store.domain.valueobject,Money,0,83,0,10,0,15,0,14,0,9
unicornt-store-backend,com.unicornt.store.domain.valueobject,Quantity,0,60,0,6,0,11,0,10,0,7
unicornt-store-backend,com.unicornt.store.domain.model,OrderStatus,0,15,0,0,0,3,0,1,0,1
unicornt-store-backend,com.unicornt.store.domain.model,ProductType,0,22,0,4,0,4,0,3,0,1
unicornt-store-backend,com.unicornt.store.domain.model,ShippingAddress,0,69,0,10,0,11,0,8,0,3
unicornt-store-backend,com.unicornt.store.domain.model,Product,0,301,0,40,0,47,0,38,0,18
unicornt-store-backend,com.unicornt.store.domain.model,Cart,0,196,0,22,0,37,0,27,0,16
unicornt-store-backend,com.unicornt.store.domain.model,Category,0,152,0,22,0,28,0,20,0,9
unicornt-store-backend,com.unicornt.store.domain.model,OrderItem,0,57,0,10,0,12,0,7,0,2
unicornt-store-backend,com.unicornt.store.domain.model,CartItem,0,96,0,8,0,15,0,13,0,9
unicornt-store-backend,com.unicornt.store.domain.model,User,0,195,0,24,0,42,0,25,0,13
unicornt-store-backend,com.unicornt.store.domain.model,Order,0,105,0,6,0,29,0,12,0,9
unicornt-store-backend,com.unicornt.store.domain.repository,PageResult,0,33,0,2,0,4,0,3,0,2
unicornt-store-backend,com.unicornt.store.application.usecase.cart,AddCartItemUseCase,0,56,0,0,0,11,0,3,0,3
unicornt-store-backend,com.unicornt.store.application.usecase.cart,AddCartItemUseCase.Result,0,9,0,0,0,1,0,1,0,1
unicornt-store-backend,com.unicornt.store.application.usecase.cart,UpdateCartItemUseCase,0,38,0,2,0,9,0,3,0,2
unicornt-store-backend,com.unicornt.store.application.usecase.cart,ClearCartUseCase,0,11,0,0,0,5,0,2,0,2
unicornt-store-backend,com.unicornt.store.application.usecase.cart,PricedCart,0,87,0,4,0,18,0,4,0,2
unicornt-store-backend,com.unicornt.store.application.usecase.cart,RemoveCartItemUseCase,0,28,0,2,0,8,0,3,0,2
unicornt-store-backend,com.unicornt.store.application.usecase.cart,GetCartUseCase,0,17,0,0,0,5,0,2,0,2
unicornt-store-backend,com.unicornt.store.application.usecase.cart,PricedCart.Line,0,21,0,0,0,1,0,1,0,1
unicornt-store-backend,com.unicornt.store.application.usecase.cart,MergeCartUseCase,0,78,0,6,0,18,0,6,0,3
unicornt-store-backend,com.unicornt.store.application.usecase.cart,MergeCartUseCase.IncomingItem,0,25,0,4,0,6,0,3,0,1
unicornt-store-backend,com.unicornt.store.infrastructure.security,JwtService,0,47,0,0,0,14,0,4,0,4
unicornt-store-backend,com.unicornt.store.infrastructure.security,JwtAuthFilter,0,75,0,8,0,20,0,7,0,3
unicornt-store-backend,com.unicornt.store.infrastructure.security,BcryptPasswordHasher,0,11,0,0,0,4,0,2,0,2
unicornt-store-backend,com.unicornt.store.infrastructure.security,SecurityConfig,0,181,0,0,0,30,0,12,0,12
unicornt-store-backend,com.unicornt.store.infrastructure.security,CustomUserDetailsService,0,37,0,0,0,11,0,3,0,3
unicornt-store-backend,com.unicornt.store.domain.exception,ResourceNotFoundException,0,19,0,0,0,4,0,2,0,2
unicornt-store-backend,com.unicornt.store.domain.exception,DuplicateResourceException,0,23,0,0,0,4,0,2,0,2
unicornt-store-backend,com.unicornt.store.domain.exception,OutOfStockException,0,6,0,0,0,2,0,1,0,1
unicornt-store-backend,com.unicornt.store.application.usecase.catalog,GetProductUseCase,0,22,0,0,0,5,0,3,0,3
unicornt-store-backend,com.unicornt.store.application.usecase.catalog,ListCategoriesUseCase,0,10,0,0,0,4,0,2,0,2
unicornt-store-backend,com.unicornt.store.application.usecase.catalog,CreateProductUseCase,0,68,0,4,0,17,0,5,0,3
unicornt-store-backend,com.unicornt.store.application.usecase.catalog,UpdateProductUseCase,0,81,0,6,0,17,0,5,0,2
unicornt-store-backend,com.unicornt.store.application.usecase.catalog,CreateCategoryUseCase,0,30,0,2,0,7,0,3,0,2
unicornt-store-backend,com.unicornt.store.application.usecase.catalog,ListProductsUseCase,0,38,0,6,0,7,0,6,0,3
unicornt-store-backend,com.unicornt.store.application.usecase.catalog,DeleteProductUseCase,0,23,0,2,0,7,0,3,0,2
unicornt-store-backend,com.unicornt.store.application.usecase.catalog,ProductCommand,0,27,0,0,0,1,0,1,0,1
unicornt-store-backend,com.unicornt.store.infrastructure.web.rest,CartRestController,0,82,0,2,0,22,0,7,0,6
unicornt-store-backend,com.unicornt.store.infrastructure.web.rest,ProductRestController,14,47,0,0,2,14,2,4,2,4
unicornt-store-backend,com.unicornt.store.infrastructure.web.rest,CategoryRestController,0,34,0,0,0,9,0,3,0,3
unicornt-store-backend,com.unicornt.store.infrastructure.web.rest,AuthRestController,0,86,1,3,0,19,1,5,0,4
unicornt-store-backend,com.unicornt.store.infrastructure.web.rest,OrderRestController,0,48,0,0,0,14,0,4,0,4
unicornt-store-backend,com.unicornt.store.infrastructure.persistence.mapper,ProductTypePersistenceMapper,0,11,0,0,0,1,0,1,0,1
unicornt-store-backend,com.unicornt.store.infrastructure.persistence.mapper,CartPersistenceMapper,0,34,0,0,0,4,0,3,0,3
unicornt-store-backend,com.unicornt.store.infrastructure.persistence.mapper,OrderPersistenceMapper,0,131,0,2,0,33,0,4,0,3
unicornt-store-backend,com.unicornt.store.infrastructure.persistence.mapper,UserPersistenceMapper,0,53,0,2,0,15,0,3,0,2
unicornt-store-backend,com.unicornt.store.infrastructure.persistence.mapper,CategoryPersistenceMapper,0,30,0,0,0,6,0,2,0,2
unicornt-store-backend,com.unicornt.store.infrastructure.persistence.mapper,ProductPersistenceMapper,0,80,0,0,0,25,0,3,0,3
unicornt-store-backend,com.unicornt.store.application.usecase.identity,RegisterUserUseCase,0,85,0,10,0,22,0,8,0,3
unicornt-store-backend,com.unicornt.store.application.usecase.identity,GetUserByEmailUseCase,0,21,0,0,0,5,0,3,0,3
unicornt-store-backend,com.unicornt.store.infrastructure.persistence.adapter,UserRepositoryAdapter,2,94,0,4,0,19,0,9,0,7
unicornt-store-backend,com.unicornt.store.infrastructure.persistence.adapter,ProductTypeRepositoryAdapter,0,42,1,5,0,12,1,6,0,4
unicornt-store-backend,com.unicornt.store.infrastructure.persistence.adapter,CategoryRepositoryAdapter,0,57,1,5,0,15,1,8,0,6
unicornt-store-backend,com.unicornt.store.infrastructure.persistence.adapter,CartRepositoryAdapter,0,154,0,14,0,32,0,13,0,6
unicornt-store-backend,com.unicornt.store.infrastructure.persistence.adapter,ProductRepositoryAdapter,2,175,1,11,0,37,2,17,1,12
unicornt-store-backend,com.unicornt.store.infrastructure.persistence.adapter,OrderRepositoryAdapter,0,82,0,0,0,15,0,9,0,9
unicornt-store-backend,com.unicornt.store.infrastructure.persistence.adapter,RoleRepositoryAdapter,0,12,0,0,0,4,0,2,0,2
unicornt-store-backend,com.unicornt.store.infrastructure.persistence.adapter,StockRepositoryAdapter,0,18,0,2,0,4,0,3,0,2
